request_kbps,declared_bps,index,bytes,duration_s,ttfb_ms,body_ms
320,303000,1200,84976,2.044,653.1,7.4
320,303000,1201,74824,2.0,216.1,6.1
320,303000,1202,81592,2.0,211.3,6.9
320,303000,1203,79712,2.0,325.2,5.0
320,303000,1204,78396,2.004,327.7,6.5
320,303000,1205,79712,2.0,319.5,4.3
320,303000,1206,80464,2.0,320.4,4.5
320,303000,1207,80652,2.0,213.1,6.2
320,303000,1208,79712,2.0,317.6,6.1
320,303000,1209,80276,2.0,223.0,6.0
320,303000,1210,80652,2.0,326.1,7.1
320,303000,1211,77644,2.0,317.1,6.0
320,303000,1212,79524,2.0,217.5,6.6
320,303000,1213,79900,2.0,318.1,55.0
320,303000,1214,80276,2.0,103.1,4.2
320,303000,1215,79900,2.0,203.4,6.5
320,303000,1216,79712,2.0,112.0,6.0
320,303000,1217,78772,2.0,324.1,5.4
320,303000,1218,80276,2.0,313.0,6.9
320,303000,1219,79148,2.0,205.7,6.2
320,303000,1220,78960,2.0,312.3,5.8
320,303000,1221,83096,2.0,222.0,6.4
320,303000,1222,70688,2.0,320.3,7.0
320,303000,1223,76516,2.02,325.2,4.9
320,303000,1224,77456,2.0,217.3,7.3
320,303000,1225,80276,2.0,325.4,7.0
320,303000,1226,83284,2.0,322.0,7.0
320,303000,1227,75576,2.0,219.1,5.7
320,303000,1228,80652,2.0,206.7,6.3
320,303000,1229,79900,2.0,320.9,6.9
320,303000,1230,78960,2.0,326.8,5.9
320,303000,1231,86856,2.02,214.3,5.4
320,303000,1232,74636,2.0,218.8,5.3
320,303000,1233,77832,2.0,320.9,4.4
320,303000,1234,80276,2.0,313.9,4.8
320,303000,1235,79712,2.0,213.0,6.5
320,303000,1236,80088,2.0,309.1,6.5
320,303000,1237,79524,2.0,326.6,6.4
320,303000,1238,80276,2.0,214.2,5.6
320,303000,1239,82720,2.0,326.0,5.8
720,547000,1200,133104,2.044,646.0,5.2
720,547000,1201,119568,2.0,212.3,7.5
720,547000,1202,129344,2.0,314.7,5.7
720,547000,1203,127652,2.0,329.4,6.7
720,547000,1204,121636,2.0,222.7,7.3
720,547000,1205,129156,2.0,332.8,5.7
720,547000,1206,128028,2.0,320.0,6.6
720,547000,1207,127088,2.0,316.0,5.1
720,547000,1208,125584,2.0,217.0,5.6
720,547000,1209,126900,2.0,311.1,6.5
720,547000,1210,127840,2.0,321.9,6.8
720,547000,1211,124268,2.0,316.1,6.6
720,547000,1212,126524,2.0,324.0,5.8
720,547000,1213,125208,2.0,216.1,7.0
720,547000,1214,126148,2.0,319.0,6.9
720,547000,1215,119192,2.0,319.1,6.8
720,547000,1216,131412,2.0,325.5,7.4
720,547000,1217,123516,2.0,221.8,6.7
720,547000,1218,126712,2.0,315.0,6.9
720,547000,1219,127088,2.0,324.3,5.7
720,547000,1220,127276,2.004,323.7,2.1
720,547000,1221,127276,2.0,313.5,6.7
720,547000,1222,105280,2.0,223.1,5.0
720,547000,1223,112236,2.0,320.4,6.2
720,547000,1224,117124,2.0,333.2,6.9
720,547000,1225,120132,2.0,330.5,7.0
720,547000,1226,124832,2.0,213.0,1.8
720,547000,1227,128592,2.0,321.0,6.4
720,547000,1228,129344,2.0,316.7,6.9
720,547000,1229,126900,2.0,222.0,7.3
720,547000,1230,126524,2.0,320.9,5.7
720,547000,1231,128404,2.0,323.1,4.3
720,547000,1232,124080,2.0,328.1,7.2
720,547000,1233,122576,2.009333,316.6,5.4
720,547000,1234,127840,2.0,223.0,7.0
720,547000,1235,127088,2.0,315.7,6.6
720,547000,1236,127464,2.0,329.0,6.6
720,547000,1237,124832,2.0,325.5,5.6
720,547000,1238,126900,2.0,218.0,7.2
720,547000,1239,131600,2.0,326.2,6.5
2000,1830000,1200,355696,2.044,644.0,5.8
2000,1830000,1201,371488,2.009333,219.2,7.6
2000,1830000,1202,354004,2.0,213.7,5.1
2000,1830000,1203,379384,2.0,321.0,6.5
2000,1830000,1204,348552,2.0,326.0,6.8
2000,1830000,1205,371300,2.0,212.4,6.5
2000,1830000,1206,366600,2.014666,329.4,6.5
2000,1830000,1207,368856,2.0,325.2,6.0
2000,1830000,1208,361148,2.004,209.3,6.1
2000,1830000,1209,362652,2.0,327.6,5.8
2000,1830000,1210,366036,2.0,218.5,6.6
2000,1830000,1211,359080,2.0,318.4,5.8
2000,1830000,1212,355696,2.004,214.9,6.9
2000,1830000,1213,314900,2.009333,326.7,5.7
2000,1830000,1214,378820,2.0,310.8,5.1
2000,1830000,1215,244212,2.02,112.4,7.0
2000,1830000,1216,385400,2.0,325.1,6.3
2000,1830000,1217,343288,2.009333,219.5,6.4
2000,1830000,1218,367916,2.0,312.9,6.3
2000,1830000,1219,368104,2.0,322.2,6.8
2000,1830000,1220,362276,2.0,209.9,5.8
2000,1830000,1221,305500,2.0,317.9,6.8
2000,1830000,1222,255680,2.014666,213.4,5.8
2000,1830000,1223,347800,2.0,332.8,5.5
2000,1830000,1224,361336,2.004,323.1,7.3
2000,1830000,1225,250416,2.0,219.3,6.3
2000,1830000,1226,316780,2.0,319.8,7.4
2000,1830000,1227,377692,2.0,213.7,6.1
2000,1830000,1228,335768,2.004,319.0,6.2
2000,1830000,1229,359832,2.0,207.9,6.7
2000,1830000,1230,253424,2.0,323.9,7.1
2000,1830000,1231,345168,2.02,207.2,6.9
2000,1830000,1232,365472,2.0,320.2,4.2
2000,1830000,1233,347424,2.009333,322.1,5.8
2000,1830000,1234,343476,2.0,319.2,7.5
2000,1830000,1235,362840,2.0,213.8,6.6
2000,1830000,1236,328812,2.0,314.5,7.1
2000,1830000,1237,310764,2.009333,323.0,6.3
2000,1830000,1238,361148,2.0,210.3,6.6
2000,1830000,1239,378820,2.02,320.1,7.0
4000,3775000,1200,601224,2.044,646.1,4.9
4000,3775000,1201,761776,2.0,110.6,6.2
4000,3775000,1202,752752,2.0,309.1,4.7
4000,3775000,1203,735080,2.02,219.2,6.0
4000,3775000,1204,699736,2.004,220.5,6.7
4000,3775000,1205,751812,2.0,325.5,6.9
4000,3775000,1206,732260,2.0,213.3,5.9
4000,3775000,1207,745420,2.02,320.9,6.0
4000,3775000,1208,724364,2.004,215.1,5.7
4000,3775000,1209,733388,2.0,331.5,5.7
4000,3775000,1210,738276,2.0,218.0,6.3
4000,3775000,1211,705940,2.0,211.3,5.8
4000,3775000,1212,690900,2.004,309.9,6.1
4000,3775000,1213,520948,2.009333,211.9,5.8
4000,3775000,1214,788096,2.0,324.0,5.6
4000,3775000,1215,527340,2.02,218.9,5.5
4000,3775000,1216,750496,2.004,208.8,5.3
4000,3775000,1217,688456,2.0,311.7,5.8
4000,3775000,1218,692404,2.014666,220.6,6.4
4000,3775000,1219,763468,2.0,315.5,4.6
4000,3775000,1220,731508,2.004,214.0,6.1
4000,3775000,1221,717784,2.0,319.2,5.7
4000,3775000,1222,583176,2.0,214.9,6.2
4000,3775000,1223,738840,2.02,330.9,6.6
4000,3775000,1224,725868,2.004,316.9,6.4
4000,3775000,1225,526400,2.0,213.0,6.1
4000,3775000,1226,670220,2.0,218.5,18.2
4000,3775000,1227,769860,2.0,222.0,6.2
4000,3775000,1228,718348,2.004,212.0,6.2
4000,3775000,1229,698984,2.0,217.3,5.7
4000,3775000,1230,422624,2.0,319.4,5.5
4000,3775000,1231,757828,2.0,203.3,5.9
4000,3775000,1232,697480,2.004,323.4,6.4
4000,3775000,1233,698232,2.0,212.2,5.5
4000,3775000,1234,754444,2.0,311.8,6.3
4000,3775000,1235,707444,2.0,323.9,6.5
4000,3775000,1236,638636,2.004,214.6,6.3
4000,3775000,1237,594832,2.0,322.4,5.0
4000,3775000,1238,748240,2.0,220.7,6.0
4000,3775000,1239,761588,2.0,212.4,5.7
6000,5696000,1200,778884,2.048,638.6,3.8
6000,5696000,1201,1130068,2.0,105.3,4.6
6000,5696000,1202,1122360,2.014666,110.2,3.1
6000,5696000,1203,1059004,2.02,211.5,7.2
6000,5696000,1204,1040768,2.0,111.6,3.9
6000,5696000,1205,1102432,2.009333,222.0,6.4
6000,5696000,1206,1068592,2.0,106.3,3.4
6000,5696000,1207,1118976,2.0,111.7,3.7
6000,5696000,1208,1046972,2.0,216.2,6.0
6000,5696000,1209,1078180,2.0,111.0,3.2
6000,5696000,1210,1096604,2.0,111.4,3.1
6000,5696000,1211,1007304,2.02,213.1,6.3
6000,5696000,1212,982300,2.004,111.7,3.4
6000,5696000,1213,647284,2.0,208.9,5.8
6000,5696000,1214,1041520,2.014666,212.5,5.8
6000,5696000,1215,623408,2.0,111.5,3.3
6000,5696000,1216,1007304,2.004,213.4,4.8
6000,5696000,1217,1061448,2.0,216.8,6.6
6000,5696000,1218,872320,2.014666,105.1,3.2
6000,5696000,1219,1148680,2.02,213.2,5.6
6000,5696000,1220,1064456,2.0,103.9,3.9
6000,5696000,1221,1099424,2.009333,211.4,6.2
6000,5696000,1222,822688,2.0,108.9,3.4
6000,5696000,1223,1109952,2.0,221.9,6.1
6000,5696000,1224,1050544,2.0,106.4,3.2
6000,5696000,1225,736960,2.0,212.1,5.5
6000,5696000,1226,848820,2.0,221.9,4.8
6000,5696000,1227,1167480,2.02,107.1,3.7
6000,5696000,1228,882848,2.0,219.7,6.3
6000,5696000,1229,1021216,2.0,210.3,6.0
6000,5696000,1230,564752,2.014666,103.5,4.7
6000,5696000,1231,1065396,2.0,212.9,5.8
6000,5696000,1232,1015764,2.004,105.3,5.2
6000,5696000,1233,1023284,2.009333,212.0,5.8
6000,5696000,1234,1129692,2.0,212.4,6.1
6000,5696000,1235,966132,2.0,209.9,5.0
6000,5696000,1236,865928,2.0,109.6,3.5
6000,5696000,1237,772304,2.0,110.9,3.3
6000,5696000,1238,1124992,2.0,210.9,6.5
6000,5696000,1239,1164472,2.0,214.0,5.4
8000,7515000,1200,928156,2.044,644.8,5.1
8000,7515000,1201,1489712,2.0,103.4,4.6
8000,7515000,1202,1451172,2.0,203.5,6.1
8000,7515000,1203,1387816,2.02,217.8,5.6
8000,7515000,1204,1359052,2.004,106.1,3.4
8000,7515000,1205,1441772,2.0,104.5,3.6
8000,7515000,1206,1369204,2.0,220.9,5.0
8000,7515000,1207,1479184,2.02,110.5,3.1
8000,7515000,1208,1374280,2.004,106.8,3.0
8000,7515000,1209,1395336,2.0,111.3,3.5
8000,7515000,1210,1430868,2.0,222.0,6.5
8000,7515000,1211,1306412,2.0,214.3,5.9
8000,7515000,1212,1202260,2.004,107.7,3.5
8000,7515000,1213,747112,2.009333,217.0,6.0
8000,7515000,1214,1310360,2.0,102.3,3.8
8000,7515000,1215,710640,2.02,212.3,5.0
8000,7515000,1216,1172932,2.004,213.6,5.7
8000,7515000,1217,1419212,2.0,101.9,3.4
8000,7515000,1218,1008432,2.014666,214.9,6.5
8000,7515000,1219,1458880,2.0,207.4,6.1
8000,7515000,1220,1399660,2.004,109.6,3.9
8000,7515000,1221,1419776,2.0,215.4,6.7
8000,7515000,1222,1099800,2.0,103.0,3.1
8000,7515000,1223,1456812,2.02,111.4,3.8
8000,7515000,1224,1383492,2.004,220.9,5.7
8000,7515000,1225,953160,2.0,112.1,3.7
8000,7515000,1226,1030992,2.0,211.3,5.4
8000,7515000,1227,1528064,2.0,104.8,3.9
8000,7515000,1228,1094348,2.004,215.2,6.2
8000,7515000,1229,1292500,2.0,214.5,6.4
8000,7515000,1230,656684,2.0,102.6,3.9
8000,7515000,1231,1251516,2.0,221.4,5.4
8000,7515000,1232,1367136,2.004,111.9,5.4
8000,7515000,1233,1353036,2.0,209.5,7.9
8000,7515000,1234,1454556,2.0,207.8,6.2
8000,7515000,1235,1227076,2.0,211.6,5.7
8000,7515000,1236,1137400,2.004,108.8,4.0
8000,7515000,1237,932292,2.0,222.0,6.6
8000,7515000,1238,1412632,2.0,102.6,3.4
8000,7515000,1239,1538216,2.0,220.8,6.8
10000,9448000,1200,972712,2.044,639.4,5.4
10000,9448000,1201,1870036,2.0,104.0,4.8
10000,9448000,1202,1796716,2.0,111.6,3.3
10000,9448000,1203,1736932,2.02,106.6,3.6
10000,9448000,1204,1714748,2.0,107.0,3.3
10000,9448000,1205,1784684,2.0,109.1,3.4
10000,9448000,1206,1640864,2.0,111.3,3.1
10000,9448000,1207,1834880,2.02,111.3,3.2
10000,9448000,1208,1719824,2.0,111.3,3.1
10000,9448000,1209,1744640,2.0,209.0,7.3
10000,9448000,1210,1783932,2.0,111.4,3.8
10000,9448000,1211,1549120,2.02,111.3,3.6
10000,9448000,1212,1345328,2.004,206.4,5.5
10000,9448000,1213,764032,2.009333,106.7,3.2
10000,9448000,1214,1326716,2.014666,222.2,7.3
10000,9448000,1215,726808,2.0,108.5,3.1
10000,9448000,1216,1190040,2.004,202.8,5.9
10000,9448000,1217,1694068,2.0,210.5,6.2
10000,9448000,1218,1024412,2.0,103.4,3.3
10000,9448000,1219,1665868,2.0,111.4,4.0
10000,9448000,1220,1757800,2.004,222.1,6.6
10000,9448000,1221,1739752,2.0,106.3,3.6
10000,9448000,1222,1278400,2.0,215.3,5.2
10000,9448000,1223,1813636,2.02,218.4,5.9
10000,9448000,1224,1753288,2.004,111.8,3.8
10000,9448000,1225,1040204,2.0,109.6,2.9
10000,9448000,1226,1046972,2.014666,112.0,3.3
10000,9448000,1227,1730728,2.0,210.9,6.3
10000,9448000,1228,1223316,2.0,208.1,6.3
10000,9448000,1229,1473544,2.0,111.2,3.7
10000,9448000,1230,672664,2.0,221.8,5.5
10000,9448000,1231,1330664,2.0,110.3,5.7
10000,9448000,1232,1712680,2.004,205.7,6.2
10000,9448000,1233,1701400,2.0,218.2,5.9
10000,9448000,1234,1798032,2.014666,110.6,3.8
10000,9448000,1235,1459632,2.02,110.1,3.3
10000,9448000,1236,1261292,2.004,108.6,3.0
10000,9448000,1237,975344,2.0,101.4,3.2
10000,9448000,1238,1507384,2.0,212.5,7.0
10000,9448000,1239,1603452,2.0,106.3,3.3
12000,11378000,1200,1120292,2.048,643.7,6.3
12000,11378000,1201,2235696,2.009333,104.3,5.6
12000,11378000,1202,2169708,2.014666,1.0,2.5
12000,11378000,1203,2085108,2.02,212.9,6.1
12000,11378000,1204,2063676,2.004,102.6,2.9
12000,11378000,1205,2135680,2.009333,111.4,3.4
12000,11378000,1206,2013292,2.014666,111.4,3.2
12000,11378000,1207,2194148,2.02,107.6,2.9
12000,11378000,1208,2067436,2.004,109.5,2.8
12000,11378000,1209,2097140,2.009333,111.5,3.6
12000,11378000,1210,2134176,2.014666,219.2,6.9
12000,11378000,1211,1906884,2.02,106.3,3.4
12000,11378000,1212,1641428,2.004,106.8,2.9
12000,11378000,1213,924772,2.009333,111.2,3.0
12000,11378000,1214,1734488,2.014666,111.3,3.5
12000,11378000,1215,934736,2.02,111.2,2.5
12000,11378000,1216,1390636,2.004,213.8,5.0
12000,11378000,1217,2016864,2.009333,109.1,4.1
12000,11378000,1218,1185716,2.014666,105.5,3.3
12000,11378000,1219,1991860,2.02,204.7,7.2
12000,11378000,1220,2105976,2.004,104.2,4.2
12000,11378000,1221,2106728,2.009333,213.4,7.4
12000,11378000,1222,1496668,2.014666,103.1,8.0
12000,11378000,1223,2182680,2.02,111.2,3.4
12000,11378000,1224,2120828,2.004,103.3,3.7
12000,11378000,1225,1214292,2.009333,106.0,3.3
12000,11378000,1226,1343824,2.014666,106.9,3.4
12000,11378000,1227,2179484,2.02,219.0,6.8
12000,11378000,1228,1653084,2.004,209.9,7.3
12000,11378000,1229,1843716,2.009333,111.3,3.5
12000,11378000,1230,790916,2.0,106.8,2.9
12000,11378000,1231,1618680,2.02,221.8,6.3
12000,11378000,1232,2072136,2.004,110.7,4.7
12000,11378000,1233,2050892,2.009333,211.4,6.3
12000,11378000,1234,2136432,2.014666,213.8,6.3
12000,11378000,1235,1770584,2.02,106.6,3.8
12000,11378000,1236,1527876,2.004,109.8,3.2
12000,11378000,1237,1137964,2.009333,102.0,3.0
12000,11378000,1238,1727344,2.014666,216.4,6.3
12000,11378000,1239,1885452,2.02,103.0,3.8
14000,13311000,1200,1546488,2.048,642.0,4.7
14000,13311000,1201,2641400,2.009333,109.4,4.9
14000,13311000,1202,2574472,2.014666,0.9,2.5
14000,13311000,1203,2456784,2.02,213.3,6.1
14000,13311000,1204,2419936,2.004,107.9,3.6
14000,13311000,1205,2517884,2.009333,105.7,3.4
14000,13311000,1206,2363724,2.014666,102.2,3.8
14000,13311000,1207,2587632,2.02,105.4,3.7
14000,13311000,1208,2446068,2.004,111.3,3.9
14000,13311000,1209,2474832,2.009333,111.2,3.5
14000,13311000,1210,2528412,2.014666,109.4,3.7
14000,13311000,1211,2238516,2.02,111.2,3.8
14000,13311000,1212,2032844,2.004,222.0,5.6
14000,13311000,1213,1157516,2.009333,102.1,3.5
14000,13311000,1214,2048448,2.014666,219.2,6.9
14000,13311000,1215,1096792,2.02,104.0,3.2
14000,13311000,1216,1632968,2.004,210.8,5.6
14000,13311000,1217,2357896,2.009333,106.4,4.0
14000,13311000,1218,1378792,2.014666,110.4,3.5
14000,13311000,1219,2367860,2.02,219.2,6.5
14000,13311000,1220,2481976,2.004,108.4,4.4
14000,13311000,1221,2525028,2.009333,219.7,6.7
14000,13311000,1222,1887332,2.014666,103.1,3.5
14000,13311000,1223,2603424,2.02,109.7,3.7
14000,13311000,1224,2535744,2.004,108.7,4.0
14000,13311000,1225,1416016,2.009333,111.3,3.0
14000,13311000,1226,1592736,2.014666,107.5,3.4
14000,13311000,1227,2575788,2.02,210.7,6.8
14000,13311000,1228,1955388,2.004,111.7,3.7
14000,13311000,1229,2197344,2.009333,103.7,3.6
14000,13311000,1230,998844,2.014666,218.0,5.4
14000,13311000,1231,1854620,2.02,214.1,6.2
14000,13311000,1232,2467124,2.004,111.4,4.3
14000,13311000,1233,2437796,2.009333,103.5,3.4
14000,13311000,1234,2518824,2.014666,214.8,6.4
14000,13311000,1235,2120640,2.02,111.9,4.0
14000,13311000,1236,1829428,2.004,107.6,3.4
14000,13311000,1237,1397780,2.009333,111.6,3.5
14000,13311000,1238,2073452,2.014666,212.7,5.9
14000,13311000,1239,2214828,2.02,111.6,3.9
16000,15126000,1200,1555700,2.048,649.6,6.5
16000,15126000,1201,2925468,2.009333,1.0,3.5
16000,15126000,1202,2799508,2.014666,212.1,8.0
16000,15126000,1203,2816992,2.02,111.3,4.0
16000,15126000,1204,2748560,2.004,111.3,3.7
16000,15126000,1205,2827896,2.009333,111.6,4.1
16000,15126000,1206,2453212,2.014666,101.6,3.8
16000,15126000,1207,2859292,2.02,212.7,7.2
16000,15126000,1208,2876588,2.004,101.5,3.9
16000,15126000,1209,2764164,2.009333,106.1,3.6
16000,15126000,1210,2851960,2.014666,111.2,3.5
16000,15126000,1211,2445692,2.02,105.6,3.5
16000,15126000,1212,2032844,2.004,107.2,3.3
16000,15126000,1213,1157516,2.009333,102.7,2.8
16000,15126000,1214,2048448,2.014666,104.1,3.7
16000,15126000,1215,1096792,2.02,111.3,3.0
16000,15126000,1216,1632968,2.004,216.1,7.9
16000,15126000,1217,2478028,2.009333,103.4,3.7
16000,15126000,1218,1378792,2.014666,106.3,3.3
16000,15126000,1219,2536496,2.02,221.3,7.3
16000,15126000,1220,2816052,2.004,106.8,4.3
16000,15126000,1221,2752132,2.009333,102.4,3.6
16000,15126000,1222,2085860,2.014666,111.7,3.7
16000,15126000,1223,2935056,2.02,220.3,7.0
16000,15126000,1224,2867000,2.004,1.0,2.9
16000,15126000,1225,1458504,2.009333,219.9,5.8
16000,15126000,1226,1592736,2.014666,103.7,3.2
16000,15126000,1227,2701184,2.02,111.2,3.7
16000,15126000,1228,2059164,2.004,102.8,3.5
16000,15126000,1229,2336652,2.009333,102.5,3.6
16000,15126000,1230,998844,2.014666,216.6,5.3
16000,15126000,1231,1866652,2.02,105.6,5.6
16000,15126000,1232,2846696,2.004,111.5,4.3
16000,15126000,1233,2756832,2.009333,207.7,7.2
16000,15126000,1234,2797064,2.014666,102.0,4.0
16000,15126000,1235,2292284,2.02,101.6,3.2
16000,15126000,1236,1960276,2.004,102.7,2.4
16000,15126000,1237,1397780,2.009333,215.6,6.2
16000,15126000,1238,2073452,2.014666,111.3,3.6
16000,15126000,1239,2214828,2.02,104.6,4.4
18000,16150000,1200,1568296,2.048,652.4,5.7
18000,16150000,1201,3056692,2.009333,1.0,3.5
18000,16150000,1202,2832408,2.014666,111.4,4.3
18000,16150000,1203,3052932,2.02,221.1,5.0
18000,16150000,1204,2913436,2.004,1.1,2.7
18000,16150000,1205,3008376,2.009333,212.9,7.2
18000,16150000,1206,2453212,2.014666,106.1,3.6
18000,16150000,1207,2941072,2.02,111.3,4.0
18000,16150000,1208,3152572,2.004,104.2,3.6
18000,16150000,1209,2934304,2.009333,101.6,4.0
18000,16150000,1210,3039584,2.014666,109.8,3.9
18000,16150000,1211,2564508,2.02,108.6,3.9
18000,16150000,1212,2032844,2.004,106.6,3.7
18000,16150000,1213,1157516,2.009333,230.6,3.9
18000,16150000,1214,2048448,2.014666,111.5,4.1
18000,16150000,1215,1096792,2.02,102.5,3.0
18000,16150000,1216,1632968,2.004,207.1,5.9
18000,16150000,1217,2506980,2.009333,217.7,6.7
18000,16150000,1218,1378792,2.014666,107.3,3.2
18000,16150000,1219,2634256,2.02,108.2,4.0
18000,16150000,1220,2990892,2.004,222.0,6.8
18000,16150000,1221,2835980,2.009333,103.0,3.6
18000,16150000,1222,2144516,2.014666,102.0,3.3
18000,16150000,1223,3111964,2.02,109.1,4.1
18000,16150000,1224,3045412,2.004,111.2,4.0
18000,16150000,1225,1501744,2.009333,221.0,6.3
18000,16150000,1226,1592736,2.014666,110.0,3.7
18000,16150000,1227,2761720,2.02,220.8,7.2
18000,16150000,1228,2114436,2.004,106.1,3.1
18000,16150000,1229,2336652,2.009333,104.2,4.0
18000,16150000,1230,998844,2.014666,111.4,3.1
18000,16150000,1231,1881316,2.02,220.1,6.9
18000,16150000,1232,3024356,2.004,102.8,4.8
18000,16150000,1233,2944080,2.009333,216.1,6.5
18000,16150000,1234,2979988,2.014666,109.4,4.1
18000,16150000,1235,2357332,2.02,111.3,3.4
18000,16150000,1236,2051080,2.004,106.7,3.4
18000,16150000,1237,1397780,2.009333,111.2,3.0
18000,16150000,1238,2073452,2.014666,102.9,3.6
18000,16150000,1239,2214828,2.02,107.5,3.4
20000,16150000,1200,1568296,2.048,659.6,6.4
20000,16150000,1201,3056692,2.009333,1.0,3.4
20000,16150000,1202,2832408,2.014666,111.3,4.1
20000,16150000,1203,3052932,2.02,221.8,7.0
20000,16150000,1204,2913436,2.004,111.3,3.7
20000,16150000,1205,3008376,2.009333,0.9,2.6
20000,16150000,1206,2453212,2.014666,214.6,4.9
20000,16150000,1207,2941072,2.02,106.2,3.5
20000,16150000,1208,3152572,2.004,109.7,3.5
20000,16150000,1209,2934304,2.009333,0.8,2.4
20000,16150000,1210,3039584,2.014666,214.2,6.2
20000,16150000,1211,2564508,2.02,111.5,3.8
20000,16150000,1212,2032844,2.004,103.1,3.9
20000,16150000,1213,1157516,2.009333,212.4,5.8
20000,16150000,1214,2048448,2.014666,106.8,3.8
20000,16150000,1215,1096792,2.02,111.2,2.2
20000,16150000,1216,1632968,2.004,217.6,5.7
20000,16150000,1217,2506980,2.009333,108.9,4.2
20000,16150000,1218,1378792,2.014666,103.7,3.4
20000,16150000,1219,2634256,2.02,209.6,7.9
20000,16150000,1220,2990892,2.004,111.5,4.2
20000,16150000,1221,2835980,2.009333,111.2,3.6
20000,16150000,1222,2144516,2.014666,111.3,3.5
20000,16150000,1223,3111964,2.02,111.2,3.8
20000,16150000,1224,3045412,2.004,111.2,3.6
20000,16150000,1225,1501744,2.009333,109.9,3.2
20000,16150000,1226,1592736,2.014666,103.5,3.0
20000,16150000,1227,2761720,2.02,105.8,3.7
20000,16150000,1228,2114436,2.004,215.9,6.6
20000,16150000,1229,2336652,2.009333,103.1,3.9
20000,16150000,1230,998844,2.014666,219.3,7.3
20000,16150000,1231,1881316,2.02,212.9,7.9
20000,16150000,1232,3024356,2.004,103.6,4.5
20000,16150000,1233,2944080,2.009333,213.9,6.4
20000,16150000,1234,2979988,2.014666,103.1,3.9
20000,16150000,1235,2357332,2.02,102.4,3.5
20000,16150000,1236,2051080,2.004,103.1,3.2
20000,16150000,1237,1397780,2.009333,101.5,2.2
20000,16150000,1238,2073452,2.014666,111.1,3.6
20000,16150000,1239,2214828,2.02,220.6,4.5
22000,20895000,1200,2290404,2.048,641.4,8.1
22000,20895000,1201,4123968,2.009333,111.4,5.4
22000,20895000,1202,3894420,2.014666,1.0,2.7
22000,20895000,1203,3803428,2.02,220.8,8.2
22000,20895000,1204,3736688,2.004,102.2,3.6
22000,20895000,1205,3885772,2.009333,0.9,3.2
22000,20895000,1206,3409004,2.014666,211.1,7.6
22000,20895000,1207,3961536,2.02,101.3,4.0
22000,20895000,1208,3854188,2.004,104.2,4.3
22000,20895000,1209,3770528,2.009333,107.7,4.1
22000,20895000,1210,3890096,2.014666,105.4,4.6
22000,20895000,1211,3398852,2.02,111.4,4.0
22000,20895000,1212,3063648,2.004,104.6,3.9
22000,20895000,1213,1655716,2.009333,101.3,3.3
22000,20895000,1214,2916820,2.014666,107.9,4.1
22000,20895000,1215,1546112,2.02,111.3,3.3
22000,20895000,1216,2431968,2.004,111.4,3.8
22000,20895000,1217,3377420,2.009333,111.5,4.3
22000,20895000,1218,1833752,2.014666,104.0,3.4
22000,20895000,1219,3744772,2.02,221.7,7.8
22000,20895000,1220,3818844,2.004,111.3,4.5
22000,20895000,1221,3771656,2.009333,111.3,4.2
22000,20895000,1222,2961752,2.014666,111.3,3.8
22000,20895000,1223,4047264,2.02,111.6,2.8
22000,20895000,1224,3892728,2.004,0.8,4.4
22000,20895000,1225,2097892,2.009333,220.6,6.6
22000,20895000,1226,2582556,2.014666,111.6,4.3
22000,20895000,1227,3951572,2.02,102.8,4.1
22000,20895000,1228,2923400,2.004,221.9,7.2
22000,20895000,1229,3378360,2.009333,111.5,3.9
22000,20895000,1230,1443088,2.014666,103.4,3.5
22000,20895000,1231,2598348,2.02,104.6,3.7
22000,20895000,1232,3880132,2.004,213.3,3.6
22000,20895000,1233,3852684,2.009333,111.9,4.5
22000,20895000,1234,3763008,2.014666,103.8,4.2
22000,20895000,1235,3103692,2.02,103.7,4.1
22000,20895000,1236,2806652,2.004,102.4,3.6
22000,20895000,1237,2039612,2.009333,111.6,3.6
22000,20895000,1238,2855720,2.014666,106.0,4.0
22000,20895000,1239,3214800,2.02,111.3,16.8
